Model,R2_square,MSE
Random forest,0.7803627883616505,67.3365617433414
ARIMA,0.8839263538493771,35.58595641646489
Prophet,-0.9385807382789513,594.3317191283293
